{
    "n_procs": [
        1,
        "gpus"
    ],
    "lenX": [
        8,
        "entries"
    ],
    "lenY": [
        null,
        "entries"
    ],
    "r0_circ_gen": [
        0.48080325999990237,
        "seconds"
    ],
    "r0_circ_sim": [
        2654.8838860360006,
        "seconds"
    ],
    "avg_circ_sim": [
        331.8604857545001,
        "seconds"
    ],
    "median_circ_sim": [
        237.30211330750012,
        "seconds"
    ],
    "q1_circ_sim": [
        163.90961798999984,
        "seconds"
    ],
    "q3_circ_sim": [
        449.7470752385002,
        "seconds"
    ],
    "gpu_mps_mem": [
        1701.570556640625,
        "MiB"
    ],
    "avg_mps_mem": [
        106.34815979003906,
        "MiB"
    ],
    "avg_fidelity": [
        0.9999999999975863,
        ""
    ],
    "ave max chi x": [
        595.625,
        "chi x"
    ],
    "ave max chi y": [
        595.625,
        "chi y"
    ],
    "r_nonRR_recv": [
        9.51999936660286e-07,
        "seconds"
    ],
    "r0_RR_recv": [
        0.8654287700001078,
        "seconds"
    ],
    "kernel_mat_time": [
        2.0172668069999418,
        "seconds"
    ],
    "total_time": [
        2657.7112421969996,
        "seconds"
    ],
    "r0_product": [
        1.1479662960000496,
        "seconds"
    ],
    "avg_product": [
        0.017936973375000775,
        "seconds"
    ],
    "median_product": [
        0.016524140999990777,
        "seconds"
    ],
    "q1_product": [
        0.015646558500179708,
        "seconds"
    ],
    "q3_product": [
        0.01764279924998391,
        "seconds"
    ]
}