{
    "n_procs": [
        1,
        "gpus"
    ],
    "lenX": [
        8,
        "entries"
    ],
    "lenY": [
        null,
        "entries"
    ],
    "r0_circ_gen": [
        0.2352649179999844,
        "seconds"
    ],
    "r0_circ_sim": [
        475.6004153039996,
        "seconds"
    ],
    "avg_circ_sim": [
        59.45005191299995,
        "seconds"
    ],
    "median_circ_sim": [
        57.207700899499855,
        "seconds"
    ],
    "q1_circ_sim": [
        54.547387638250086,
        "seconds"
    ],
    "q3_circ_sim": [
        63.70016182074983,
        "seconds"
    ],
    "gpu_mps_mem": [
        70.172119140625,
        "MiB"
    ],
    "avg_mps_mem": [
        4.3857574462890625,
        "MiB"
    ],
    "avg_fidelity": [
        0.9999999999991305,
        ""
    ],
    "ave max chi x": [
        137.125,
        "chi x"
    ],
    "ave max chi y": [
        137.125,
        "chi y"
    ],
    "r_nonRR_recv": [
        8.819999948173063e-07,
        "seconds"
    ],
    "r0_RR_recv": [
        0.06505789099992398,
        "seconds"
    ],
    "kernel_mat_time": [
        1.0174702980000347,
        "seconds"
    ],
    "total_time": [
        477.077024444,
        "seconds"
    ],
    "r0_product": [
        0.9485233979989971,
        "seconds"
    ],
    "avg_product": [
        0.01482067809373433,
        "seconds"
    ],
    "median_product": [
        0.014378453000063018,
        "seconds"
    ],
    "q1_product": [
        0.013948777500047527,
        "seconds"
    ],
    "q3_product": [
        0.01483954699995138,
        "seconds"
    ]
}