{
    "n_procs": [
        1,
        "gpus"
    ],
    "lenX": [
        8,
        "entries"
    ],
    "lenY": [
        null,
        "entries"
    ],
    "r0_circ_gen": [
        0.07843009199996231,
        "seconds"
    ],
    "r0_circ_sim": [
        103.20486232099984,
        "seconds"
    ],
    "avg_circ_sim": [
        12.90060779012498,
        "seconds"
    ],
    "median_circ_sim": [
        12.853540307499998,
        "seconds"
    ],
    "q1_circ_sim": [
        12.780527439250022,
        "seconds"
    ],
    "q3_circ_sim": [
        12.967367066000065,
        "seconds"
    ],
    "gpu_mps_mem": [
        2.42352294921875,
        "MiB"
    ],
    "avg_mps_mem": [
        0.15147018432617188,
        "MiB"
    ],
    "avg_fidelity": [
        0.9999999999998694,
        ""
    ],
    "ave max chi x": [
        28.625,
        "chi x"
    ],
    "ave max chi y": [
        28.625,
        "chi y"
    ],
    "r_nonRR_recv": [
        9.919999683916103e-07,
        "seconds"
    ],
    "r0_RR_recv": [
        0.03913183100030437,
        "seconds"
    ],
    "kernel_mat_time": [
        0.8979957450001166,
        "seconds"
    ],
    "total_time": [
        104.48166719099981,
        "seconds"
    ],
    "r0_product": [
        0.8549660789999507,
        "seconds"
    ],
    "avg_product": [
        0.01335884498437423,
        "seconds"
    ],
    "median_product": [
        0.01283336300002702,
        "seconds"
    ],
    "q1_product": [
        0.012560828249775113,
        "seconds"
    ],
    "q3_product": [
        0.013116304750042218,
        "seconds"
    ]
}