{
    "n_procs": [
        1,
        "gpus"
    ],
    "lenX": [
        8,
        "entries"
    ],
    "lenY": [
        null,
        "entries"
    ],
    "r0_circ_gen": [
        0.03987544200026605,
        "seconds"
    ],
    "r0_circ_sim": [
        28.46934051299968,
        "seconds"
    ],
    "avg_circ_sim": [
        3.55866756412496,
        "seconds"
    ],
    "median_circ_sim": [
        3.513451585499979,
        "seconds"
    ],
    "q1_circ_sim": [
        3.5023029232502267,
        "seconds"
    ],
    "q3_circ_sim": [
        3.5369311582498995,
        "seconds"
    ],
    "gpu_mps_mem": [
        0.2979736328125,
        "MiB"
    ],
    "avg_mps_mem": [
        0.01862335205078125,
        "MiB"
    ],
    "avg_fidelity": [
        0.9999999999999869,
        ""
    ],
    "ave max chi x": [
        10.125,
        "chi x"
    ],
    "ave max chi y": [
        10.125,
        "chi y"
    ],
    "r_nonRR_recv": [
        9.319996934209485e-07,
        "seconds"
    ],
    "r0_RR_recv": [
        0.03852542699996775,
        "seconds"
    ],
    "kernel_mat_time": [
        0.8225160799997866,
        "seconds"
    ],
    "total_time": [
        29.526669607000258,
        "seconds"
    ],
    "r0_product": [
        0.7801779770002213,
        "seconds"
    ],
    "avg_product": [
        0.012190280890628458,
        "seconds"
    ],
    "median_product": [
        0.011757771500242598,
        "seconds"
    ],
    "q1_product": [
        0.011469797249787916,
        "seconds"
    ],
    "q3_product": [
        0.01199729325003318,
        "seconds"
    ]
}