{
    "n_procs": [
        1,
        "gpus"
    ],
    "lenX": [
        8,
        "entries"
    ],
    "lenY": [
        null,
        "entries"
    ],
    "r0_circ_gen": [
        0.1435135879999052,
        "seconds"
    ],
    "r0_circ_sim": [
        237.9296619109998,
        "seconds"
    ],
    "avg_circ_sim": [
        29.741207738874976,
        "seconds"
    ],
    "median_circ_sim": [
        29.802382947500064,
        "seconds"
    ],
    "q1_circ_sim": [
        28.78967510324992,
        "seconds"
    ],
    "q3_circ_sim": [
        30.51493686774984,
        "seconds"
    ],
    "gpu_mps_mem": [
        17.11456298828125,
        "MiB"
    ],
    "avg_mps_mem": [
        1.0696601867675781,
        "MiB"
    ],
    "avg_fidelity": [
        0.9999999999995832,
        ""
    ],
    "ave max chi x": [
        71.875,
        "chi x"
    ],
    "ave max chi y": [
        71.875,
        "chi y"
    ],
    "r_nonRR_recv": [
        9.720001798996236e-07,
        "seconds"
    ],
    "r0_RR_recv": [
        0.06282659899989085,
        "seconds"
    ],
    "kernel_mat_time": [
        0.9782140670001809,
        "seconds"
    ],
    "total_time": [
        239.28941630500003,
        "seconds"
    ],
    "r0_product": [
        0.9111225980011568,
        "seconds"
    ],
    "avg_product": [
        0.014236290593768075,
        "seconds"
    ],
    "median_product": [
        0.013752107500067723,
        "seconds"
    ],
    "q1_product": [
        0.013310527249927873,
        "seconds"
    ],
    "q3_product": [
        0.013971929749970968,
        "seconds"
    ]
}