{
    "n_procs": [
        1,
        "gpus"
    ],
    "lenX": [
        8,
        "entries"
    ],
    "lenY": [
        null,
        "entries"
    ],
    "r0_circ_gen": [
        0.34407434099989587,
        "seconds"
    ],
    "r0_circ_sim": [
        929.1968992430002,
        "seconds"
    ],
    "avg_circ_sim": [
        116.14961240537502,
        "seconds"
    ],
    "median_circ_sim": [
        108.6226826175,
        "seconds"
    ],
    "q1_circ_sim": [
        96.37034491350016,
        "seconds"
    ],
    "q3_circ_sim": [
        132.6696946654999,
        "seconds"
    ],
    "gpu_mps_mem": [
        321.84552001953125,
        "MiB"
    ],
    "avg_mps_mem": [
        20.115345001220703,
        "MiB"
    ],
    "avg_fidelity": [
        0.9999999999984945,
        ""
    ],
    "ave max chi x": [
        320.125,
        "chi x"
    ],
    "ave max chi y": [
        320.125,
        "chi y"
    ],
    "r_nonRR_recv": [
        9.109999155043624e-07,
        "seconds"
    ],
    "r0_RR_recv": [
        0.21120887699999003,
        "seconds"
    ],
    "kernel_mat_time": [
        1.2031685659999312,
        "seconds"
    ],
    "total_time": [
        931.02338788,
        "seconds"
    ],
    "r0_product": [
        0.9880931080012942,
        "seconds"
    ],
    "avg_product": [
        0.015438954812520223,
        "seconds"
    ],
    "median_product": [
        0.015239177000125892,
        "seconds"
    ],
    "q1_product": [
        0.014402031250028813,
        "seconds"
    ],
    "q3_product": [
        0.01548298950001481,
        "seconds"
    ]
}