{
    "n_procs": [
        1,
        "gpus"
    ],
    "lenX": [
        8,
        "entries"
    ],
    "lenY": [
        null,
        "entries"
    ],
    "r0_circ_gen": [
        0.2588800230000743,
        "seconds"
    ],
    "r0_circ_sim": [
        424.5502151320002,
        "seconds"
    ],
    "avg_circ_sim": [
        53.06877689150002,
        "seconds"
    ],
    "median_circ_sim": [
        51.82803195849999,
        "seconds"
    ],
    "q1_circ_sim": [
        51.344233764999984,
        "seconds"
    ],
    "q3_circ_sim": [
        53.89798057025004,
        "seconds"
    ],
    "gpu_mps_mem": [
        60.6292724609375,
        "MiB"
    ],
    "avg_mps_mem": [
        3.7893295288085938,
        "MiB"
    ],
    "avg_fidelity": [
        0.999999999999283,
        ""
    ],
    "ave max chi x": [
        120.625,
        "chi x"
    ],
    "ave max chi y": [
        120.625,
        "chi y"
    ],
    "r_nonRR_recv": [
        8.309998520417139e-07,
        "seconds"
    ],
    "r0_RR_recv": [
        0.07603171400000974,
        "seconds"
    ],
    "kernel_mat_time": [
        1.6372446400000626,
        "seconds"
    ],
    "total_time": [
        426.6750203450001,
        "seconds"
    ],
    "r0_product": [
        1.5571459169991613,
        "seconds"
    ],
    "avg_product": [
        0.024330404953111895,
        "seconds"
    ],
    "median_product": [
        0.023147326999946927,
        "seconds"
    ],
    "q1_product": [
        0.022869808999871566,
        "seconds"
    ],
    "q3_product": [
        0.02356513775004032,
        "seconds"
    ]
}