{
    "n_procs": [
        1,
        "gpus"
    ],
    "lenX": [
        8,
        "entries"
    ],
    "lenY": [
        null,
        "entries"
    ],
    "r0_circ_gen": [
        0.12356894899994586,
        "seconds"
    ],
    "r0_circ_sim": [
        195.52517061599974,
        "seconds"
    ],
    "avg_circ_sim": [
        24.440646326999968,
        "seconds"
    ],
    "median_circ_sim": [
        24.415669405000017,
        "seconds"
    ],
    "q1_circ_sim": [
        24.201506861500093,
        "seconds"
    ],
    "q3_circ_sim": [
        24.552926071749994,
        "seconds"
    ],
    "gpu_mps_mem": [
        1.2093505859375,
        "MiB"
    ],
    "avg_mps_mem": [
        0.07558441162109375,
        "MiB"
    ],
    "avg_fidelity": [
        0.9999999999995038,
        ""
    ],
    "ave max chi x": [
        14.75,
        "chi x"
    ],
    "ave max chi y": [
        14.75,
        "chi y"
    ],
    "r_nonRR_recv": [
        9.119999049289618e-07,
        "seconds"
    ],
    "r0_RR_recv": [
        0.035977072000150656,
        "seconds"
    ],
    "kernel_mat_time": [
        0.8240033970000695,
        "seconds"
    ],
    "total_time": [
        196.78059252100002,
        "seconds"
    ],
    "r0_product": [
        0.7842260870015707,
        "seconds"
    ],
    "avg_product": [
        0.012253532609399542,
        "seconds"
    ],
    "median_product": [
        0.011638524500085623,
        "seconds"
    ],
    "q1_product": [
        0.011496133249806917,
        "seconds"
    ],
    "q3_product": [
        0.011939817250208762,
        "seconds"
    ]
}