{
    "n_procs": [
        1,
        "gpus"
    ],
    "lenX": [
        8,
        "entries"
    ],
    "lenY": [
        null,
        "entries"
    ],
    "r0_circ_gen": [
        0.030893592999973407,
        "seconds"
    ],
    "r0_circ_sim": [
        57.54066996700021,
        "seconds"
    ],
    "avg_circ_sim": [
        7.192583745875027,
        "seconds"
    ],
    "median_circ_sim": [
        6.871146988500072,
        "seconds"
    ],
    "q1_circ_sim": [
        6.733719886250071,
        "seconds"
    ],
    "q3_circ_sim": [
        7.55627513124989,
        "seconds"
    ],
    "gpu_mps_mem": [
        4.462890625,
        "MiB"
    ],
    "avg_mps_mem": [
        0.2789306640625,
        "MiB"
    ],
    "avg_fidelity": [
        0.9999999999998513,
        ""
    ],
    "ave max chi x": [
        33.875,
        "chi x"
    ],
    "ave max chi y": [
        33.875,
        "chi y"
    ],
    "r_nonRR_recv": [
        1.0520000159885967e-06,
        "seconds"
    ],
    "r0_RR_recv": [
        0.01805294199994023,
        "seconds"
    ],
    "kernel_mat_time": [
        0.33023652699989725,
        "seconds"
    ],
    "total_time": [
        58.35141111500002,
        "seconds"
    ],
    "r0_product": [
        0.3084609769996405,
        "seconds"
    ],
    "avg_product": [
        0.0048197027656193825,
        "seconds"
    ],
    "median_product": [
        0.004243811000151254,
        "seconds"
    ],
    "q1_product": [
        0.004082275250027578,
        "seconds"
    ],
    "q3_product": [
        0.004402689999949416,
        "seconds"
    ]
}