{
    "n_procs": [
        1,
        "gpus"
    ],
    "lenX": [
        8,
        "entries"
    ],
    "lenY": [
        null,
        "entries"
    ],
    "r0_circ_gen": [
        0.0698229149998042,
        "seconds"
    ],
    "r0_circ_sim": [
        119.39104060899967,
        "seconds"
    ],
    "avg_circ_sim": [
        14.92388007612496,
        "seconds"
    ],
    "median_circ_sim": [
        14.863264663999985,
        "seconds"
    ],
    "q1_circ_sim": [
        14.568827445499949,
        "seconds"
    ],
    "q3_circ_sim": [
        15.215990771999941,
        "seconds"
    ],
    "gpu_mps_mem": [
        0.77655029296875,
        "MiB"
    ],
    "avg_mps_mem": [
        0.048534393310546875,
        "MiB"
    ],
    "avg_fidelity": [
        0.9999999999997093,
        ""
    ],
    "ave max chi x": [
        11.75,
        "chi x"
    ],
    "ave max chi y": [
        11.75,
        "chi y"
    ],
    "r_nonRR_recv": [
        8.409999736613827e-07,
        "seconds"
    ],
    "r0_RR_recv": [
        0.02618656300001021,
        "seconds"
    ],
    "kernel_mat_time": [
        0.5370506380002098,
        "seconds"
    ],
    "total_time": [
        120.23116359899996,
        "seconds"
    ],
    "r0_product": [
        0.5069228079998993,
        "seconds"
    ],
    "avg_product": [
        0.007920668874998427,
        "seconds"
    ],
    "median_product": [
        0.007311318000006395,
        "seconds"
    ],
    "q1_product": [
        0.007094509249895964,
        "seconds"
    ],
    "q3_product": [
        0.007580442749997474,
        "seconds"
    ]
}