{
    "n_procs": [
        1,
        "gpus"
    ],
    "lenX": [
        8,
        "entries"
    ],
    "lenY": [
        null,
        "entries"
    ],
    "r0_circ_gen": [
        0.030752940999946077,
        "seconds"
    ],
    "r0_circ_sim": [
        53.05953197699978,
        "seconds"
    ],
    "avg_circ_sim": [
        6.632441497124972,
        "seconds"
    ],
    "median_circ_sim": [
        6.6028286709999975,
        "seconds"
    ],
    "q1_circ_sim": [
        6.4670379842499415,
        "seconds"
    ],
    "q3_circ_sim": [
        6.749987932749889,
        "seconds"
    ],
    "gpu_mps_mem": [
        0.2947998046875,
        "MiB"
    ],
    "avg_mps_mem": [
        0.01842498779296875,
        "MiB"
    ],
    "avg_fidelity": [
        0.999999999999799,
        ""
    ],
    "ave max chi x": [
        7.875,
        "chi x"
    ],
    "ave max chi y": [
        7.875,
        "chi y"
    ],
    "r_nonRR_recv": [
        9.010000212583691e-07,
        "seconds"
    ],
    "r0_RR_recv": [
        0.016969453999990947,
        "seconds"
    ],
    "kernel_mat_time": [
        0.295221821000041,
        "seconds"
    ],
    "total_time": [
        53.63151998299986,
        "seconds"
    ],
    "r0_product": [
        0.2743185740005174,
        "seconds"
    ],
    "avg_product": [
        0.004286227718758084,
        "seconds"
    ],
    "median_product": [
        0.004002481500037902,
        "seconds"
    ],
    "q1_product": [
        0.0038955290000330933,
        "seconds"
    ],
    "q3_product": [
        0.004152892499973859,
        "seconds"
    ]
}