{
    "n_procs": [
        1,
        "gpus"
    ],
    "lenX": [
        8,
        "entries"
    ],
    "lenY": [
        null,
        "entries"
    ],
    "r0_circ_gen": [
        0.18458822200000213,
        "seconds"
    ],
    "r0_circ_sim": [
        277.1881514079996,
        "seconds"
    ],
    "avg_circ_sim": [
        34.64851892599995,
        "seconds"
    ],
    "median_circ_sim": [
        34.219315181999946,
        "seconds"
    ],
    "q1_circ_sim": [
        34.00296313649983,
        "seconds"
    ],
    "q3_circ_sim": [
        34.59502243450004,
        "seconds"
    ],
    "gpu_mps_mem": [
        2.2379150390625,
        "MiB"
    ],
    "avg_mps_mem": [
        0.13986968994140625,
        "MiB"
    ],
    "avg_fidelity": [
        0.9999999999992613,
        ""
    ],
    "ave max chi x": [
        15,
        "chi x"
    ],
    "ave max chi y": [
        15,
        "chi y"
    ],
    "r_nonRR_recv": [
        9.619998309062794e-07,
        "seconds"
    ],
    "r0_RR_recv": [
        0.04606423500035817,
        "seconds"
    ],
    "kernel_mat_time": [
        1.15581552499998,
        "seconds"
    ],
    "total_time": [
        278.746250013,
        "seconds"
    ],
    "r0_product": [
        1.105890762998115,
        "seconds"
    ],
    "avg_product": [
        0.017279543171845546,
        "seconds"
    ],
    "median_product": [
        0.016631270500056416,
        "seconds"
    ],
    "q1_product": [
        0.016238011499922322,
        "seconds"
    ],
    "q3_product": [
        0.016982783499997822,
        "seconds"
    ]
}