{
    "n_procs": [
        1,
        "gpus"
    ],
    "lenX": [
        8,
        "entries"
    ],
    "lenY": [
        null,
        "entries"
    ],
    "r0_circ_gen": [
        0.19015876399998888,
        "seconds"
    ],
    "r0_circ_sim": [
        339.2358926330003,
        "seconds"
    ],
    "avg_circ_sim": [
        42.404486579125034,
        "seconds"
    ],
    "median_circ_sim": [
        38.99831691600002,
        "seconds"
    ],
    "q1_circ_sim": [
        38.400631240000166,
        "seconds"
    ],
    "q3_circ_sim": [
        40.597813810750154,
        "seconds"
    ],
    "gpu_mps_mem": [
        135.97857666015625,
        "MiB"
    ],
    "avg_mps_mem": [
        8.498661041259766,
        "MiB"
    ],
    "avg_fidelity": [
        0.9999999999993724,
        ""
    ],
    "ave max chi x": [
        150.5,
        "chi x"
    ],
    "ave max chi y": [
        150.5,
        "chi y"
    ],
    "r_nonRR_recv": [
        8.219999472203199e-07,
        "seconds"
    ],
    "r0_RR_recv": [
        0.12350172200012821,
        "seconds"
    ],
    "kernel_mat_time": [
        1.345756538000387,
        "seconds"
    ],
    "total_time": [
        341.02267764900034,
        "seconds"
    ],
    "r0_product": [
        1.218104918998506,
        "seconds"
    ],
    "avg_product": [
        0.019032889359351657,
        "seconds"
    ],
    "median_product": [
        0.018569217500044033,
        "seconds"
    ],
    "q1_product": [
        0.018114740000100937,
        "seconds"
    ],
    "q3_product": [
        0.01908441974978814,
        "seconds"
    ]
}