{
    "n_procs": [
        1,
        "gpus"
    ],
    "lenX": [
        8,
        "entries"
    ],
    "lenY": [
        null,
        "entries"
    ],
    "r0_circ_gen": [
        0.2976223590000018,
        "seconds"
    ],
    "r0_circ_sim": [
        418.56543501900023,
        "seconds"
    ],
    "avg_circ_sim": [
        52.32067937737503,
        "seconds"
    ],
    "median_circ_sim": [
        52.043653023499985,
        "seconds"
    ],
    "q1_circ_sim": [
        50.956438878250026,
        "seconds"
    ],
    "q3_circ_sim": [
        52.92760346325005,
        "seconds"
    ],
    "gpu_mps_mem": [
        3.91241455078125,
        "MiB"
    ],
    "avg_mps_mem": [
        0.24452590942382812,
        "MiB"
    ],
    "avg_fidelity": [
        0.9999999999989002,
        ""
    ],
    "ave max chi x": [
        16.875,
        "chi x"
    ],
    "ave max chi y": [
        16.875,
        "chi y"
    ],
    "r_nonRR_recv": [
        1.3129999842931284e-06,
        "seconds"
    ],
    "r0_RR_recv": [
        0.06074363900006574,
        "seconds"
    ],
    "kernel_mat_time": [
        1.7802104499999132,
        "seconds"
    ],
    "total_time": [
        420.87676544299995,
        "seconds"
    ],
    "r0_product": [
        1.7155091580004864,
        "seconds"
    ],
    "avg_product": [
        0.0268048305937576,
        "seconds"
    ],
    "median_product": [
        0.02534383899990189,
        "seconds"
    ],
    "q1_product": [
        0.02472406050014797,
        "seconds"
    ],
    "q3_product": [
        0.026072028000157843,
        "seconds"
    ]
}