{
    "n_procs": [
        1,
        "gpus"
    ],
    "lenX": [
        8,
        "entries"
    ],
    "lenY": [
        null,
        "entries"
    ],
    "r0_circ_gen": [
        0.2954809390000719,
        "seconds"
    ],
    "r0_circ_sim": [
        569.8913406670001,
        "seconds"
    ],
    "avg_circ_sim": [
        71.23641758337502,
        "seconds"
    ],
    "median_circ_sim": [
        61.525840717500046,
        "seconds"
    ],
    "q1_circ_sim": [
        57.51666164625004,
        "seconds"
    ],
    "q3_circ_sim": [
        68.02547814399992,
        "seconds"
    ],
    "gpu_mps_mem": [
        494.10693359375,
        "MiB"
    ],
    "avg_mps_mem": [
        30.881683349609375,
        "MiB"
    ],
    "avg_fidelity": [
        0.9999999999990383,
        ""
    ],
    "ave max chi x": [
        191.125,
        "chi x"
    ],
    "ave max chi y": [
        191.125,
        "chi y"
    ],
    "r_nonRR_recv": [
        8.619999789516442e-07,
        "seconds"
    ],
    "r0_RR_recv": [
        0.31484896200004187,
        "seconds"
    ],
    "kernel_mat_time": [
        2.1677616380000018,
        "seconds"
    ],
    "total_time": [
        572.5904839260002,
        "seconds"
    ],
    "r0_product": [
        1.847047171000895,
        "seconds"
    ],
    "avg_product": [
        0.028860112046888986,
        "seconds"
    ],
    "median_product": [
        0.027231919999962884,
        "seconds"
    ],
    "q1_product": [
        0.02666293200002201,
        "seconds"
    ],
    "q3_product": [
        0.028159947250117057,
        "seconds"
    ]
}