{
    "n_procs": [
        1,
        "gpus"
    ],
    "lenX": [
        8,
        "entries"
    ],
    "lenY": [
        null,
        "entries"
    ],
    "r0_circ_gen": [
        0.2992136440000195,
        "seconds"
    ],
    "r0_circ_sim": [
        493.58583200700036,
        "seconds"
    ],
    "avg_circ_sim": [
        61.698229000875045,
        "seconds"
    ],
    "median_circ_sim": [
        59.81931478050001,
        "seconds"
    ],
    "q1_circ_sim": [
        57.61619555150003,
        "seconds"
    ],
    "q3_circ_sim": [
        65.29080869125005,
        "seconds"
    ],
    "gpu_mps_mem": [
        108.41455078125,
        "MiB"
    ],
    "avg_mps_mem": [
        6.775909423828125,
        "MiB"
    ],
    "avg_fidelity": [
        0.9999999999991581,
        ""
    ],
    "ave max chi x": [
        130.25,
        "chi x"
    ],
    "ave max chi y": [
        130.25,
        "chi y"
    ],
    "r_nonRR_recv": [
        9.410000529896934e-07,
        "seconds"
    ],
    "r0_RR_recv": [
        0.09701291100009257,
        "seconds"
    ],
    "kernel_mat_time": [
        1.891828458999953,
        "seconds"
    ],
    "total_time": [
        496.02751949000003,
        "seconds"
    ],
    "r0_product": [
        1.7906680969999798,
        "seconds"
    ],
    "avg_product": [
        0.027979189015624684,
        "seconds"
    ],
    "median_product": [
        0.026699453999981415,
        "seconds"
    ],
    "q1_product": [
        0.026401915249948615,
        "seconds"
    ],
    "q3_product": [
        0.02696398175004333,
        "seconds"
    ]
}