{
    "n_procs": [
        1,
        "gpus"
    ],
    "lenX": [
        8,
        "entries"
    ],
    "lenY": [
        null,
        "entries"
    ],
    "r0_circ_gen": [
        0.19016691400020136,
        "seconds"
    ],
    "r0_circ_sim": [
        304.0903569470006,
        "seconds"
    ],
    "avg_circ_sim": [
        38.011294618375075,
        "seconds"
    ],
    "median_circ_sim": [
        37.95086325550028,
        "seconds"
    ],
    "q1_circ_sim": [
        37.349865567750044,
        "seconds"
    ],
    "q3_circ_sim": [
        38.56370288624987,
        "seconds"
    ],
    "gpu_mps_mem": [
        27.46099853515625,
        "MiB"
    ],
    "avg_mps_mem": [
        1.7163124084472656,
        "MiB"
    ],
    "avg_fidelity": [
        0.9999999999994648,
        ""
    ],
    "ave max chi x": [
        94.25,
        "chi x"
    ],
    "ave max chi y": [
        94.25,
        "chi y"
    ],
    "r_nonRR_recv": [
        7.609996828250587e-07,
        "seconds"
    ],
    "r0_RR_recv": [
        0.05366289299990967,
        "seconds"
    ],
    "kernel_mat_time": [
        1.1909232530001646,
        "seconds"
    ],
    "total_time": [
        305.81517949900035,
        "seconds"
    ],
    "r0_product": [
        1.1328902560012466,
        "seconds"
    ],
    "avg_product": [
        0.017701410250019478,
        "seconds"
    ],
    "median_product": [
        0.01718039000002136,
        "seconds"
    ],
    "q1_product": [
        0.016916326499995193,
        "seconds"
    ],
    "q3_product": [
        0.017588761500178407,
        "seconds"
    ]
}