{
    "n_procs": [
        1,
        "gpus"
    ],
    "lenX": [
        8,
        "entries"
    ],
    "lenY": [
        null,
        "entries"
    ],
    "r0_circ_gen": [
        0.25627931899998657,
        "seconds"
    ],
    "r0_circ_sim": [
        369.47004921599995,
        "seconds"
    ],
    "avg_circ_sim": [
        46.183756151999994,
        "seconds"
    ],
    "median_circ_sim": [
        45.839542346,
        "seconds"
    ],
    "q1_circ_sim": [
        45.13870263625002,
        "seconds"
    ],
    "q3_circ_sim": [
        46.48725913275,
        "seconds"
    ],
    "gpu_mps_mem": [
        3.2579345703125,
        "MiB"
    ],
    "avg_mps_mem": [
        0.20362091064453125,
        "MiB"
    ],
    "avg_fidelity": [
        0.9999999999990463,
        ""
    ],
    "ave max chi x": [
        15.875,
        "chi x"
    ],
    "ave max chi y": [
        15.875,
        "chi y"
    ],
    "r_nonRR_recv": [
        9.92000082078448e-07,
        "seconds"
    ],
    "r0_RR_recv": [
        0.056275280999898314,
        "seconds"
    ],
    "kernel_mat_time": [
        1.5597022319999496,
        "seconds"
    ],
    "total_time": [
        371.55632206200005,
        "seconds"
    ],
    "r0_product": [
        1.4995734109998011,
        "seconds"
    ],
    "avg_product": [
        0.023430834546871893,
        "seconds"
    ],
    "median_product": [
        0.021993548500006455,
        "seconds"
    ],
    "q1_product": [
        0.0214754047499639,
        "seconds"
    ],
    "q3_product": [
        0.022719912999946246,
        "seconds"
    ]
}