{
    "n_procs": [
        1,
        "gpus"
    ],
    "lenX": [
        8,
        "entries"
    ],
    "lenY": [
        null,
        "entries"
    ],
    "r0_circ_gen": [
        0.12482812999996895,
        "seconds"
    ],
    "r0_circ_sim": [
        212.23239595699943,
        "seconds"
    ],
    "avg_circ_sim": [
        26.52904949462493,
        "seconds"
    ],
    "median_circ_sim": [
        26.452009357499946,
        "seconds"
    ],
    "q1_circ_sim": [
        25.81379943424986,
        "seconds"
    ],
    "q3_circ_sim": [
        26.62330887374992,
        "seconds"
    ],
    "gpu_mps_mem": [
        14.65118408203125,
        "MiB"
    ],
    "avg_mps_mem": [
        0.9156990051269531,
        "MiB"
    ],
    "avg_fidelity": [
        0.9999999999995879,
        ""
    ],
    "ave max chi x": [
        73.125,
        "chi x"
    ],
    "ave max chi y": [
        73.125,
        "chi y"
    ],
    "r_nonRR_recv": [
        9.51999936660286e-07,
        "seconds"
    ],
    "r0_RR_recv": [
        0.04106551100039724,
        "seconds"
    ],
    "kernel_mat_time": [
        0.8642368259997966,
        "seconds"
    ],
    "total_time": [
        213.4553562719998,
        "seconds"
    ],
    "r0_product": [
        0.8192225109983156,
        "seconds"
    ],
    "avg_product": [
        0.01280035173434868,
        "seconds"
    ],
    "median_product": [
        0.012372599499940407,
        "seconds"
    ],
    "q1_product": [
        0.012064313249993575,
        "seconds"
    ],
    "q3_product": [
        0.012587970250251601,
        "seconds"
    ]
}