{
    "n_procs": [
        1,
        "gpus"
    ],
    "lenX": [
        8,
        "entries"
    ],
    "lenY": [
        null,
        "entries"
    ],
    "r0_circ_gen": [
        0.2707716880000248,
        "seconds"
    ],
    "r0_circ_sim": [
        487.02130405799994,
        "seconds"
    ],
    "avg_circ_sim": [
        60.87766300724999,
        "seconds"
    ],
    "median_circ_sim": [
        50.558029773999976,
        "seconds"
    ],
    "q1_circ_sim": [
        49.88270510724999,
        "seconds"
    ],
    "q3_circ_sim": [
        56.626885449999975,
        "seconds"
    ],
    "gpu_mps_mem": [
        451.8719482421875,
        "MiB"
    ],
    "avg_mps_mem": [
        28.24199676513672,
        "MiB"
    ],
    "avg_fidelity": [
        0.9999999999991658,
        ""
    ],
    "ave max chi x": [
        178.875,
        "chi x"
    ],
    "ave max chi y": [
        178.875,
        "chi y"
    ],
    "r_nonRR_recv": [
        1.0320000001229346e-06,
        "seconds"
    ],
    "r0_RR_recv": [
        0.29366686700006994,
        "seconds"
    ],
    "kernel_mat_time": [
        1.894678233000036,
        "seconds"
    ],
    "total_time": [
        489.52599679200006,
        "seconds"
    ],
    "r0_product": [
        1.5969642149998435,
        "seconds"
    ],
    "avg_product": [
        0.024952565859372555,
        "seconds"
    ],
    "median_product": [
        0.023451999500025522,
        "seconds"
    ],
    "q1_product": [
        0.022853629749988613,
        "seconds"
    ],
    "q3_product": [
        0.02428471449997005,
        "seconds"
    ]
}