{
    "n_procs": [
        1,
        "gpus"
    ],
    "lenX": [
        8,
        "entries"
    ],
    "lenY": [
        null,
        "entries"
    ],
    "r0_circ_gen": [
        0.030334556000070734,
        "seconds"
    ],
    "r0_circ_sim": [
        57.57610628299972,
        "seconds"
    ],
    "avg_circ_sim": [
        7.197013285374965,
        "seconds"
    ],
    "median_circ_sim": [
        6.861666962499953,
        "seconds"
    ],
    "q1_circ_sim": [
        6.638786543250035,
        "seconds"
    ],
    "q3_circ_sim": [
        7.778348628500055,
        "seconds"
    ],
    "gpu_mps_mem": [
        3.20172119140625,
        "MiB"
    ],
    "avg_mps_mem": [
        0.20010757446289062,
        "MiB"
    ],
    "avg_fidelity": [
        0.9999999999998361,
        ""
    ],
    "ave max chi x": [
        33.75,
        "chi x"
    ],
    "ave max chi y": [
        33.75,
        "chi y"
    ],
    "r_nonRR_recv": [
        9.719999525259482e-07,
        "seconds"
    ],
    "r0_RR_recv": [
        0.017971081000041522,
        "seconds"
    ],
    "kernel_mat_time": [
        0.305349976999878,
        "seconds"
    ],
    "total_time": [
        58.214155252999944,
        "seconds"
    ],
    "r0_product": [
        0.28357156200195277,
        "seconds"
    ],
    "avg_product": [
        0.004430805656280512,
        "seconds"
    ],
    "median_product": [
        0.004283756000063477,
        "seconds"
    ],
    "q1_product": [
        0.004148820499949579,
        "seconds"
    ],
    "q3_product": [
        0.004388851750036338,
        "seconds"
    ]
}