{
    "n_procs": [
        1,
        "gpus"
    ],
    "lenX": [
        8,
        "entries"
    ],
    "lenY": [
        null,
        "entries"
    ],
    "r0_circ_gen": [
        0.06939485400016565,
        "seconds"
    ],
    "r0_circ_sim": [
        124.98949733900054,
        "seconds"
    ],
    "avg_circ_sim": [
        15.623687167375067,
        "seconds"
    ],
    "median_circ_sim": [
        15.444514153,
        "seconds"
    ],
    "q1_circ_sim": [
        14.964578328750235,
        "seconds"
    ],
    "q3_circ_sim": [
        16.073194079750124,
        "seconds"
    ],
    "gpu_mps_mem": [
        5.72869873046875,
        "MiB"
    ],
    "avg_mps_mem": [
        0.3580436706542969,
        "MiB"
    ],
    "avg_fidelity": [
        0.9999999999997945,
        ""
    ],
    "ave max chi x": [
        37.875,
        "chi x"
    ],
    "ave max chi y": [
        37.875,
        "chi y"
    ],
    "r_nonRR_recv": [
        1.0320000001229346e-06,
        "seconds"
    ],
    "r0_RR_recv": [
        0.02819778999992195,
        "seconds"
    ],
    "kernel_mat_time": [
        0.5520117999999457,
        "seconds"
    ],
    "total_time": [
        126.69916810800032,
        "seconds"
    ],
    "r0_product": [
        0.5200529029984864,
        "seconds"
    ],
    "avg_product": [
        0.00812582660935135,
        "seconds"
    ],
    "median_product": [
        0.0075645199999598844,
        "seconds"
    ],
    "q1_product": [
        0.007349272250053218,
        "seconds"
    ],
    "q3_product": [
        0.007819986999834327,
        "seconds"
    ]
}