{
    "n_procs": [
        1,
        "gpus"
    ],
    "lenX": [
        8,
        "entries"
    ],
    "lenY": [
        null,
        "entries"
    ],
    "r0_circ_gen": [
        0.12296441199987385,
        "seconds"
    ],
    "r0_circ_sim": [
        205.7111143280008,
        "seconds"
    ],
    "avg_circ_sim": [
        25.7138892910001,
        "seconds"
    ],
    "median_circ_sim": [
        25.831654457000013,
        "seconds"
    ],
    "q1_circ_sim": [
        25.227821419499946,
        "seconds"
    ],
    "q3_circ_sim": [
        26.24405350000029,
        "seconds"
    ],
    "gpu_mps_mem": [
        10.455322265625,
        "MiB"
    ],
    "avg_mps_mem": [
        0.6534576416015625,
        "MiB"
    ],
    "avg_fidelity": [
        0.9999999999996552,
        ""
    ],
    "ave max chi x": [
        57.375,
        "chi x"
    ],
    "ave max chi y": [
        57.375,
        "chi y"
    ],
    "r_nonRR_recv": [
        9.710001904750243e-07,
        "seconds"
    ],
    "r0_RR_recv": [
        0.03869382899983975,
        "seconds"
    ],
    "kernel_mat_time": [
        0.8361529650001103,
        "seconds"
    ],
    "total_time": [
        206.91964039699997,
        "seconds"
    ],
    "r0_product": [
        0.7935716209967723,
        "seconds"
    ],
    "avg_product": [
        0.012399556578074566,
        "seconds"
    ],
    "median_product": [
        0.011910962000001746,
        "seconds"
    ],
    "q1_product": [
        0.011542945499854795,
        "seconds"
    ],
    "q3_product": [
        0.012097199499976341,
        "seconds"
    ]
}