{
    "n_procs": [
        1,
        "gpus"
    ],
    "lenX": [
        8,
        "entries"
    ],
    "lenY": [
        null,
        "entries"
    ],
    "r0_circ_gen": [
        0.0688252389995796,
        "seconds"
    ],
    "r0_circ_sim": [
        127.27311441900065,
        "seconds"
    ],
    "avg_circ_sim": [
        15.909139302375081,
        "seconds"
    ],
    "median_circ_sim": [
        15.903673221499957,
        "seconds"
    ],
    "q1_circ_sim": [
        14.946187377500223,
        "seconds"
    ],
    "q3_circ_sim": [
        16.689625089750166,
        "seconds"
    ],
    "gpu_mps_mem": [
        6.7938232421875,
        "MiB"
    ],
    "avg_mps_mem": [
        0.42461395263671875,
        "MiB"
    ],
    "avg_fidelity": [
        0.999999999999771,
        ""
    ],
    "ave max chi x": [
        51.125,
        "chi x"
    ],
    "ave max chi y": [
        51.125,
        "chi y"
    ],
    "r_nonRR_recv": [
        1.2629998309421353e-06,
        "seconds"
    ],
    "r0_RR_recv": [
        0.028435420999812777,
        "seconds"
    ],
    "kernel_mat_time": [
        0.5662862610001866,
        "seconds"
    ],
    "total_time": [
        129.49633054199967,
        "seconds"
    ],
    "r0_product": [
        0.5339973819986881,
        "seconds"
    ],
    "avg_product": [
        0.008343709093729501,
        "seconds"
    ],
    "median_product": [
        0.007741551499975685,
        "seconds"
    ],
    "q1_product": [
        0.007591213249952489,
        "seconds"
    ],
    "q3_product": [
        0.008158996249903794,
        "seconds"
    ]
}