{
    "n_procs": [
        16,
        "gpus"
    ],
    "lenX": [
        2560,
        "entries"
    ],
    "lenY": [
        null,
        "entries"
    ],
    "r0_circ_gen": [
        1.1350105139999869,
        "seconds"
    ],
    "r0_circ_sim": [
        326.1568238130037,
        "seconds"
    ],
    "avg_circ_sim": [
        2.0384801488312734,
        "seconds"
    ],
    "median_circ_sim": [
        2.0311425750001035,
        "seconds"
    ],
    "gpu_mps_mem": [
        4.25225830078125,
        "MiB"
    ],
    "avg_mps_mem": [
        0.013288307189941406,
        "MiB"
    ],
    "avg_fidelity": [
        0.9999999999999927,
        ""
    ],
    "ave max chi x": [
        2,
        "chi x"
    ],
    "ave max chi y": [
        2,
        "chi y"
    ],
    "r_nonRR_recv": [
        1.1440999969636323e-05,
        "seconds"
    ],
    "r0_RR_recv": [
        61.14022052700011,
        "seconds"
    ],
    "kernel_mat_time": [
        5346.362052074999,
        "seconds"
    ],
    "total_time": [
        5674.353285764,
        "seconds"
    ],
    "r0_product": [
        5283.066523408995,
        "seconds"
    ],
    "avg_product": [
        0.022929976230073763,
        "seconds"
    ],
    "median_product": [
        0.022562116500012053,
        "seconds"
    ]
}