{
    "n_procs": [
        4,
        "gpus"
    ],
    "lenX": [
        640,
        "entries"
    ],
    "lenY": [
        null,
        "entries"
    ],
    "r0_circ_gen": [
        1.1267827289998422,
        "seconds"
    ],
    "r0_circ_sim": [
        329.84085024100045,
        "seconds"
    ],
    "avg_circ_sim": [
        2.061505314006253,
        "seconds"
    ],
    "median_circ_sim": [
        2.0557604370000035,
        "seconds"
    ],
    "gpu_mps_mem": [
        4.3277587890625,
        "MiB"
    ],
    "avg_mps_mem": [
        0.013524246215820313,
        "MiB"
    ],
    "avg_fidelity": [
        0.9999999999999918,
        ""
    ],
    "ave max chi x": [
        2.025,
        "chi x"
    ],
    "ave max chi y": [
        2.025,
        "chi y"
    ],
    "r_nonRR_recv": [
        4.417999889483326e-06,
        "seconds"
    ],
    "r0_RR_recv": [
        10.794812567000463,
        "seconds"
    ],
    "kernel_mat_time": [
        1794.5973398700003,
        "seconds"
    ],
    "total_time": [
        2126.7769711369997,
        "seconds"
    ],
    "r0_product": [
        1783.1658200289912,
        "seconds"
    ],
    "avg_product": [
        0.023218304948294157,
        "seconds"
    ],
    "median_product": [
        0.022899040000083914,
        "seconds"
    ]
}