{
    "n_procs": [
        2,
        "gpus"
    ],
    "lenX": [
        320,
        "entries"
    ],
    "lenY": [
        null,
        "entries"
    ],
    "r0_circ_gen": [
        1.1476246879999508,
        "seconds"
    ],
    "r0_circ_sim": [
        340.53917789900083,
        "seconds"
    ],
    "avg_circ_sim": [
        2.128369861868755,
        "seconds"
    ],
    "median_circ_sim": [
        2.115879062499971,
        "seconds"
    ],
    "gpu_mps_mem": [
        4.2161865234375,
        "MiB"
    ],
    "avg_mps_mem": [
        0.013175582885742188,
        "MiB"
    ],
    "avg_fidelity": [
        0.9999999999999927,
        ""
    ],
    "ave max chi x": [
        2.03125,
        "chi x"
    ],
    "ave max chi y": [
        2.03125,
        "chi y"
    ],
    "r_nonRR_recv": [
        2.7050002699979814e-06,
        "seconds"
    ],
    "r0_RR_recv": [
        2.3363715590003267,
        "seconds"
    ],
    "kernel_mat_time": [
        1192.5439075180002,
        "seconds"
    ],
    "total_time": [
        1535.1777623300002,
        "seconds"
    ],
    "r0_product": [
        1189.809401400023,
        "seconds"
    ],
    "avg_product": [
        0.0232384648710942,
        "seconds"
    ],
    "median_product": [
        0.022896763000062492,
        "seconds"
    ]
}