{
    "n_procs": [
        32,
        "gpus"
    ],
    "lenX": [
        5120,
        "entries"
    ],
    "lenY": [
        null,
        "entries"
    ],
    "r0_circ_gen": [
        1.1301647459999913,
        "seconds"
    ],
    "r0_circ_sim": [
        328.4796963849998,
        "seconds"
    ],
    "avg_circ_sim": [
        2.0529981024062485,
        "seconds"
    ],
    "median_circ_sim": [
        2.0463956185000143,
        "seconds"
    ],
    "gpu_mps_mem": [
        4.23040771484375,
        "MiB"
    ],
    "avg_mps_mem": [
        0.01322002410888672,
        "MiB"
    ],
    "avg_fidelity": [
        0.9999999999999931,
        ""
    ],
    "ave max chi x": [
        2.01875,
        "chi x"
    ],
    "ave max chi y": [
        2.01875,
        "chi y"
    ],
    "r_nonRR_recv": [
        2.3746998408569198e-05,
        "seconds"
    ],
    "r0_RR_recv": [
        183.08482501299818,
        "seconds"
    ],
    "kernel_mat_time": [
        10226.28455558,
        "seconds"
    ],
    "total_time": [
        10556.563698156,
        "seconds"
    ],
    "r0_product": [
        10038.646641713487,
        "seconds"
    ],
    "avg_product": [
        0.023066743202466652,
        "seconds"
    ],
    "median_product": [
        0.022717130999353685,
        "seconds"
    ]
}