{
    "n_procs": [
        8,
        "gpus"
    ],
    "lenX": [
        1280,
        "entries"
    ],
    "lenY": [
        null,
        "entries"
    ],
    "r0_circ_gen": [
        1.1311647700001686,
        "seconds"
    ],
    "r0_circ_sim": [
        326.94658419199914,
        "seconds"
    ],
    "avg_circ_sim": [
        2.0434161511999944,
        "seconds"
    ],
    "median_circ_sim": [
        2.034602635499823,
        "seconds"
    ],
    "gpu_mps_mem": [
        4.24395751953125,
        "MiB"
    ],
    "avg_mps_mem": [
        0.013262367248535157,
        "MiB"
    ],
    "avg_fidelity": [
        0.9999999999999929,
        ""
    ],
    "ave max chi x": [
        2.0125,
        "chi x"
    ],
    "ave max chi y": [
        2.0125,
        "chi y"
    ],
    "r_nonRR_recv": [
        7.0330006565200165e-06,
        "seconds"
    ],
    "r0_RR_recv": [
        33.67789719099983,
        "seconds"
    ],
    "kernel_mat_time": [
        2989.1833431259997,
        "seconds"
    ],
    "total_time": [
        3317.9244646839998,
        "seconds"
    ],
    "r0_product": [
        2954.3942945449626,
        "seconds"
    ],
    "avg_product": [
        0.02308120542613252,
        "seconds"
    ],
    "median_product": [
        0.02273395749989504,
        "seconds"
    ]
}