{
    "lenX": [
        8,
        "entries"
    ],
    "lenY": [
        null,
        "entries"
    ],
    "n_tiles": [
        4,
        "tiles"
    ],
    "truncation_error": [
        1e-16,
        ""
    ],
    "vdots_per_tile": [
        16,
        "entries"
    ],
    "total_time": [
        54.82557292299998,
        "seconds"
    ],
    "median_tile_time": [
        5.668226724000306,
        "seconds"
    ],
    "median_circ_sim": [
        0.6551469775000001,
        "seconds"
    ],
    "q1_circ_sim": [
        0.624127245,
        "seconds"
    ],
    "q3_circ_sim": [
        0.6647977620000001,
        "seconds"
    ],
    "median_product": [
        0.0017765705,
        "seconds"
    ],
    "q1_product": [
        0.00172023425,
        "seconds"
    ],
    "q3_product": [
        0.0019071852500000001,
        "seconds"
    ],
    "ave max chi x": [
        9.833333333333334,
        "chi x"
    ],
    "ave max chi y": [
        10.666666666666666,
        "chi y"
    ]
}