{
    "lenX": [
        8,
        "entries"
    ],
    "lenY": [
        null,
        "entries"
    ],
    "n_tiles": [
        4,
        "tiles"
    ],
    "truncation_error": [
        1e-16,
        ""
    ],
    "vdots_per_tile": [
        16,
        "entries"
    ],
    "total_time": [
        129.33158358900027,
        "seconds"
    ],
    "median_tile_time": [
        30.893507432000206,
        "seconds"
    ],
    "median_circ_sim": [
        3.6427393575,
        "seconds"
    ],
    "q1_circ_sim": [
        3.5908156135000002,
        "seconds"
    ],
    "q3_circ_sim": [
        3.74483024325,
        "seconds"
    ],
    "median_product": [
        0.002168523,
        "seconds"
    ],
    "q1_product": [
        0.0020298737500000002,
        "seconds"
    ],
    "q3_product": [
        0.0027377915,
        "seconds"
    ],
    "ave max chi x": [
        31.5,
        "chi x"
    ],
    "ave max chi y": [
        27.25,
        "chi y"
    ]
}