{
    "lenX": [
        8,
        "entries"
    ],
    "lenY": [
        null,
        "entries"
    ],
    "n_tiles": [
        4,
        "tiles"
    ],
    "truncation_error": [
        1e-16,
        ""
    ],
    "vdots_per_tile": [
        16,
        "entries"
    ],
    "total_time": [
        1229.017384268,
        "seconds"
    ],
    "median_tile_time": [
        395.555478386,
        "seconds"
    ],
    "median_circ_sim": [
        41.1446594615,
        "seconds"
    ],
    "q1_circ_sim": [
        26.09803114475,
        "seconds"
    ],
    "q3_circ_sim": [
        54.73815633975,
        "seconds"
    ],
    "median_product": [
        0.006209323500000001,
        "seconds"
    ],
    "q1_product": [
        0.00395960275,
        "seconds"
    ],
    "q3_product": [
        0.014287804,
        "seconds"
    ],
    "ave max chi x": [
        138.33333333333334,
        "chi x"
    ],
    "ave max chi y": [
        135.91666666666666,
        "chi y"
    ]
}