{
    "lenX": [
        8,
        "entries"
    ],
    "lenY": [
        null,
        "entries"
    ],
    "n_tiles": [
        4,
        "tiles"
    ],
    "truncation_error": [
        1e-16,
        ""
    ],
    "vdots_per_tile": [
        16,
        "entries"
    ],
    "total_time": [
        8107.074936017999,
        "seconds"
    ],
    "median_tile_time": [
        2681.4807077080004,
        "seconds"
    ],
    "median_circ_sim": [
        189.8628718835,
        "seconds"
    ],
    "q1_circ_sim": [
        82.79559371075,
        "seconds"
    ],
    "q3_circ_sim": [
        445.10615724950003,
        "seconds"
    ],
    "median_product": [
        0.028050533,
        "seconds"
    ],
    "q1_product": [
        0.01081497125,
        "seconds"
    ],
    "q3_product": [
        0.04828342525,
        "seconds"
    ],
    "ave max chi x": [
        329.8333333333333,
        "chi x"
    ],
    "ave max chi y": [
        323.6666666666667,
        "chi y"
    ]
}