{
    "lenX": [
        8,
        "entries"
    ],
    "lenY": [
        null,
        "entries"
    ],
    "n_tiles": [
        4,
        "tiles"
    ],
    "truncation_error": [
        1e-16,
        ""
    ],
    "vdots_per_tile": [
        16,
        "entries"
    ],
    "total_time": [
        347.405725009,
        "seconds"
    ],
    "median_tile_time": [
        104.12968367300027,
        "seconds"
    ],
    "median_circ_sim": [
        12.4476290085,
        "seconds"
    ],
    "q1_circ_sim": [
        11.44487230375,
        "seconds"
    ],
    "q3_circ_sim": [
        13.22574388225,
        "seconds"
    ],
    "median_product": [
        0.003366134,
        "seconds"
    ],
    "q1_product": [
        0.0028066195,
        "seconds"
    ],
    "q3_product": [
        0.0041304160000000005,
        "seconds"
    ],
    "ave max chi x": [
        77.83333333333333,
        "chi x"
    ],
    "ave max chi y": [
        69.41666666666667,
        "chi y"
    ]
}